<?xml version="1.0" encoding="UTF-8"?>
<beans xmlns="http://www.springframework.org/schema/beans"
       xmlns:xsi="http://www.w3.org/2001/XMLSchema-instance"
       xmlns:context="http://www.springframework.org/schema/context"
       xmlns:aop="http://www.springframework.org/schema/aop"
       xsi:schemaLocation="http://www.springframework.org/schema/beans http://www.springframework.org/schema/beans/spring-beans.xsd
                           http://www.springframework.org/schema/context http://www.springframework.org/schema/context/spring-context.xsd
                           http://www.springframework.org/schema/aop http://www.springframework.org/schema/aop/spring-aop.xsd">

    <!--纳入spring ioc-->
    <bean id="userService" class="com.powernode.spring6.service.UserService"></bean>
    <bean id="timerAspect" class="com.powernode.spring6.service.TimerAspect"></bean>

    <!--aop的配置-->
    <aop:config>
        <!--切点表达式-->
        <aop:pointcut id="mypointcut" expression="execution(* com.powernode.spring6.service..*(..))" />
        <!--切面:通知 + 切点-->
        <aop:aspect ref="timerAspect">
            <aop:around method="aroundAdvice" pointcut-ref="mypointcut"/>
        </aop:aspect>
    </aop:config>

</beans>