<?xml version="1.0" encoding="UTF-8" ?>
<!DOCTYPE mapper
        PUBLIC "-//mybatis.org//DTD Mapper 3.0//EN"
        "http://mybatis.org/dtd/mybatis-3-mapper.dtd">

<mapper namespace="com.powernode.bank.mapper.AccountMapper">

    <insert id="insert">
        insert into t_act values(#{actno}, #{balance})
    </insert>

    <delete id="deleteByActno">
        delete from t_act where actno = #{actno}
    </delete>

    <update id="update">
        update t_act set balance = #{balance} where actno = #{actno}
    </update>

    <select id="selectByActno" resultType="Account">
        select * from t_act where actno = #{actno}
    </select>

    <select id="selectAll" resultType="Account">
        select * from t_act
    </select>

</mapper>