<?xml version="1.0" encoding="UTF-8"?>
<beans xmlns="http://www.springframework.org/schema/beans"
       xmlns:xsi="http://www.w3.org/2001/XMLSchema-instance"
       xsi:schemaLocation="http://www.springframework.org/schema/beans http://www.springframework.org/schema/beans/spring-beans.xsd">

    <!--构造注入，这种循环依赖有没有问题？-->
    <!--注意：基于构造注入的方式下产生的循环依赖也是无法解决的，所以编写代码时一定要注意。-->
    <bean id="h" scope="singleton" class="com.powernode.spring6.bean2.Husband">
        <constructor-arg index="0" value="张三"></constructor-arg>
        <constructor-arg index="1" ref="w"></constructor-arg>
    </bean>

    <bean id="w" scope="singleton" class="com.powernode.spring6.bean2.Wife">
        <constructor-arg index="0" value="小花"></constructor-arg>
        <constructor-arg index="1" ref="h"></constructor-arg>
    </bean>

</beans>