<?xml version="1.0" encoding="UTF-8"?>
<beans xmlns="http://www.springframework.org/schema/beans"
       xmlns:xsi="http://www.w3.org/2001/XMLSchema-instance"
       xmlns:context="http://www.springframework.org/schema/context"
       xmlns:tx="http://www.springframework.org/schema/tx"
       xmlns:aop="http://www.springframework.org/schema/aop"
       xsi:schemaLocation="http://www.springframework.org/schema/beans http://www.springframework.org/schema/beans/spring-beans.xsd
                           http://www.springframework.org/schema/context http://www.springframework.org/schema/context/spring-context.xsd
                           http://www.springframework.org/schema/tx http://www.springframework.org/schema/tx/spring-tx.xsd
                           http://www.springframework.org/schema/aop http://www.springframework.org/schema/aop/spring-aop.xsd">

    <!--组件扫描-->
    <context:component-scan base-package="com.powernode.bank"/>

    <!--配置数据源-->
    <bean id="dataSource" class="com.alibaba.druid.pool.DruidDataSource">
        <property name="driverClassName" value="com.mysql.cj.jdbc.Driver"/>
        <property name="url" value="jdbc:mysql://localhost:3306/spring6"/>
        <property name="username" value="root"/>
        <property name="password" value="root"/>
    </bean>

    <!--配置JdbcTemplate-->
    <bean id="jdbcTemplate" class="org.springframework.jdbc.core.JdbcTemplate">
        <property name="dataSource" ref="dataSource"/>
    </bean>

    <!--配置事务管理器-->
    <bean id="txManager" class="org.springframework.jdbc.datasource.DataSourceTransactionManager">
        <property name="dataSource" ref="dataSource"/>
    </bean>

    <!--配置通知，具体的增强代码。-->
    <!--注意：在通知当中要关联事务管理器。-->
    <tx:advice id="txAdvice" transaction-manager="txManager">
        <!--配置通知的相关属性-->
        <tx:attributes>
            <!--之前所讲的所有的事务属性都可以在以下标签中配置。-->
            <tx:method name="transfer" propagation="REQUIRED" rollback-for="java.lang.Throwable"/>
            <tx:method name="save*" propagation="REQUIRED" rollback-for="java.lang.Throwable"/>
            <tx:method name="delete*" propagation="REQUIRED" rollback-for="java.lang.Throwable"/>
            <tx:method name="update*" propagation="REQUIRED" rollback-for="java.lang.Throwable"/>
            <tx:method name="modify*" propagation="REQUIRED" rollback-for="java.lang.Throwable"/>
            <tx:method name="query*" read-only="true"/>
            <tx:method name="select*" read-only="true"/>
            <tx:method name="find*" read-only="true"/>
            <tx:method name="get*" read-only="true"/>
        </tx:attributes>
    </tx:advice>

    <!--配置切面-->
    <aop:config>
        <!--切点-->
        <aop:pointcut id="txPointcut" expression="execution(* com.powernode.bank.service..*(..))"/>
        <!--切面 = 通知 + 切点-->
        <aop:advisor advice-ref="txAdvice" pointcut-ref="txPointcut"/>
    </aop:config>

</beans>













