<?xml version="1.0" encoding="UTF-8"?>
<beans xmlns="http://www.springframework.org/schema/beans"
       xmlns:xsi="http://www.w3.org/2001/XMLSchema-instance"
       xmlns:context="http://www.springframework.org/schema/context"
       xsi:schemaLocation="http://www.springframework.org/schema/beans http://www.springframework.org/schema/beans/spring-beans.xsd
                           http://www.springframework.org/schema/context http://www.springframework.org/schema/context/spring-context.xsd">

    <!--
        引入外部的properties文件
            第一步：引入context命名空间。
            第二步：使用标签context:property-placeholder的location属性来指定属性配置文件的路径。
                    location默认从类的根路径下开始加载资源。
    -->
    <context:property-placeholder location="jdbc.properties"/>

    <!--配置数据源-->
    <bean id="ds" class="com.powernode.spring6.jdbc.MyDataSource">
        <!--怎么取值呢？第三步：${key}-->
        <property name="driver" value="${jdbc.driverClass}"></property>
        <property name="url" value="${jdbc.url}"></property>
        <property name="username" value="${jdbc.username}"></property>
        <property name="password" value="${jdbc.password}"></property>
    </bean>

</beans>